ID, Name, Balance, Pin
1,Aryan,1.2726e+006,1234
2,Demo1,1.88872e+006,1234
3,Demo2,484070,1234
4,Demo3,9.86582e+006,1234
